background,src/media/images/background.png
budget,src/media/images/budget.png
points,src/media/images/points.png
level,src/media/images/level.png
store,src/media/images/buttons/store.png
inventory,src/media/images/buttons/inventory.png
buyButton,src/media/images/buttons/buy.png
buyPlaceButton,src/media/images/buttons/buyPlace.png
agentP,src/media/images/warriors/agentP.png
agentP_poisoned,src/media/images/warriors/agentP_poisoned.png
agentP_shielded,src/media/images/warriors/agentP_shielded.png
agentP_profile,src/media/images/warriors/profiles/agentP.png
agentP_profileDisabled,src/media/images/warriors/profiles/disabled/agentP.png
bb8,src/media/images/warriors/bb8.png
bb8_poisoned,src/media/images/warriors/bb8_poisoned.png
bb8_shielded,src/media/images/warriors/bb8_shielded.png
bb8_profile,src/media/images/warriors/profiles/bb8.png
bb8_profileDisabled,src/media/images/warriors/profiles/disabled/bb8.png
cyborg,src/media/images/warriors/cyborg.png
cyborg_poisoned,src/media/images/warriors/cyborg_poisoned.png
cyborg_shielded,src/media/images/warriors/cyborg_shielded.png
cyborg_profile,src/media/images/warriors/profiles/cyborg.png
cyborg_profileDisabled,src/media/images/warriors/profiles/disabled/cyborg.png
gary,src/media/images/warriors/gary.png
gary_poisoned,src/media/images/warriors/gary_poisoned.png
gary_shielded,src/media/images/warriors/gary_shielded.png
gary_profile,src/media/images/warriors/profiles/gary.png
gary_profileDisabled,src/media/images/warriors/profiles/disabled/gary.png
theFlea,src/media/images/warriors/theFlea.png
theFlea_poisoned,src/media/images/warriors/theFlea_poisoned.png
theFlea_shielded,src/media/images/warriors/theFlea_shielded.png
theFlea_profile,src/media/images/warriors/profiles/theFlea.png
theFlea_profileDisabled,src/media/images/warriors/profiles/disabled/theFlea.png
turret,src/media/images/warriors/turret.png
turret_poisoned,src/media/images/warriors/turret_poisoned.png
turret_shielded,src/media/images/warriors/turret_shielded.png
turret_profile,src/media/images/warriors/profiles/turret.png
turret_profileDisabled,src/media/images/warriors/profiles/disabled/turret.png
toph,src/media/images/warriors/toph.png
toph_profile,src/media/images/warriors/toph.png
toph_profileDisabled,src/media/images/warriors/toph.png
agentPcursor,src/media/cursors/agentP.png
bb8cursor,src/media/cursors/bb8.png
cyborgcursor,src/media/cursors/cyborg.png
garycursor,src/media/cursors/gary.png
theFleacursor,src/media/cursors/theFlea.png
tophcursor,src/media/cursors/toph.png
turretcursor,src/media/cursors/turret.png
doof,src/media/images/enemies/doof.png
doof_poisoned,src/media/images/enemies/doof_poisoned.png
doof_shielded,src/media/images/enemies/doof_shielded.png
alien,src/media/images/enemies/alien.png
alien_poisoned,src/media/images/enemies/alien_poisoned.png
alien_shielded,src/media/images/enemies/alien_shielded.png
azula,src/media/images/enemies/azula.png
azula_poisoned,src/media/images/enemies/azula_poisoned.png
azula_shielded,src/media/images/enemies/azula_shielded.png
eustace,src/media/images/enemies/eustace.png
eustace_poisoned,src/media/images/enemies/eustace_poisoned.png
eustace_shielded,src/media/images/enemies/eustace_shielded.png
skeleton,src/media/images/enemies/skeleton.png
skeleton_poisoned,src/media/images/enemies/skeleton_poisoned.png
skeleton_shielded,src/media/images/enemies/skeleton_shielded.png
nuke,src/media/images/items/nuke.png
nuke_profile,src/media/images/items/profiles/nuke.png
nuke_profileDisabled,src/media/images/items/profiles/disabled/nuke.png
nukecursor,src/media/cursors/nuke.png
cure,src/media/images/items/cure.png
cure_profile,src/media/images/items/profiles/cure.png
cure_profileDisabled,src/media/images/items/profiles/disabled/cure.png
curecursor,src/media/cursors/cure.png
poison,src/media/images/items/poison.png
poison_profile,src/media/images/items/profiles/poison.png
poison_profileDisabled,src/media/images/items/profiles/disabled/poison.png
poisoncursor,src/media/cursors/poison.png
shield,src/media/images/items/shield.png
shieldcursor,src/media/cursors/shield.png
shield_profile,src/media/images/items/profiles/shield.png
shield_profileDisabled,src/media/images/items/profiles/disabled/shield.png
barricade,src/media/images/items/barricade.png
barricade_poisoned,src/media/images/items/barricade_poisoned.png
barricade_shielded,src/media/images/items/barricade_shielded.png
barricade_profile,src/media/images/items/profiles/barricade.png
barricade_profileDisabled,src/media/images/items/profiles/disabled/barricade.png
barricadecursor,src/media/cursors/barricade.png
tank,src/media/images/items/tank.png
tank_poisoned,src/media/images/items/tank_poisoned.png
tank_shielded,src/media/images/items/tank_shielded.png
tankcursor,src/media/cursors/tank.png
rock,src/media/images/items/rock.png
rock_poisoned,src/media/images/items/rock_poisoned.png
rock_shielded,src/media/images/items/rock_shielded.png
rockcursor,src/media/cursors/rock.png
explosionBlast,src/media/images/blasts/explosion_blast.gif
energyBlastHit,src/media/images/blasts/energy_blast_hit.gif
energyBlastLeft,src/media/images/blasts/energy_blast_left.gif
energyBlastRight,src/media/images/blasts/energy_blast_right.gif
jiren,src/media/images/enemies/jiren2.png
