background,/images/background.png
budget,/images/budget.png
points,/images/points.png
level,/images/level.png
store,/images/buttons/store.png
inventory,/images/buttons/inventory.png
buyButton,/images/buttons/buy.png
buyPlaceButton,/images/buttons/buyPlace.png
agentP,/images/warriors/agentP.png
agentP_poisoned,/images/warriors/agentP_poisoned.png
agentP_shielded,/images/warriors/agentP_shielded.png
agentP_profile,/images/warriors/profiles/agentP.png
agentP_profile_disabled,/images/warriors/profiles/disabled/agentP.png
bb8,/images/warriors/bb8.png
bb8_poisoned,/images/warriors/bb8_poisoned.png
bb8_shielded,/images/warriors/bb8_shielded.png
bb8_profile,/images/warriors/profiles/bb8.png
bb8_profile_disabled,/images/warriors/profiles/disabled/bb8.png
cyborg,/images/warriors/cyborg.png
cyborg_poisoned,/images/warriors/cyborg_poisoned.png
cyborg_shielded,/images/warriors/cyborg_shielded.png
cyborg_profile,/images/warriors/profiles/cyborg.png
cyborg_profile_disabled,/images/warriors/profiles/disabled/cyborg.png
gary,/images/warriors/gary.png
gary_poisoned,/images/warriors/gary_poisoned.png
gary_shielded,/images/warriors/gary_shielded.png
gary_profile,/images/warriors/profiles/gary.png
gary_profile_disabled,/images/warriors/profiles/disabled/gary.png
theFlea,/images/warriors/theFlea.png
theFlea_poisoned,/images/warriors/theFlea_poisoned.png
theFlea_shielded,/images/warriors/theFlea_shielded.png
theFlea_profile,/images/warriors/profiles/theFlea.png
theFlea_profile_disabled,/images/warriors/profiles/disabled/theFlea.png
turret,/images/warriors/turret.png
turret_poisoned,/images/warriors/turret_poisoned.png
turret_shielded,/images/warriors/turret_shielded.png
turret_profile,/images/warriors/profiles/turret.png
turret_profile_disabled,/images/warriors/profiles/disabled/turret.png
toph,/images/warriors/toph.gif
toph_profile,/images/warriors/toph.png
toph_profile_disabled,/images/warriors/toph.png
agentP_cursor,/images/cursors/agentP.png
bb8_cursor,/images/cursors/bb8.png
cyborg_cursor,/images/cursors/cyborg.png
gary_cursor,/images/cursors/gary.png
theFlea_cursor,/images/cursors/theFlea.png
toph_cursor,/images/cursors/toph.png
turret_cursor,/images/cursors/turret.png
doof,/images/enemies/doof.png
doof_poisoned,/images/enemies/doof_poisoned.png
doof_shielded,/images/enemies/doof_shielded.png
alien,/images/enemies/alien.png
alien_poisoned,/images/enemies/alien_poisoned.png
alien_shielded,/images/enemies/alien_shielded.png
jiren,/images/enemies/jiren.png
jiren_poisoned,/images/enemies/jiren_poisoned.png
jiren_shielded,/images/enemies/jiren_shielded.png
azula,/images/enemies/azula.png
azula_poisoned,/images/enemies/azula_poisoned.png
azula_shielded,/images/enemies/azula_shielded.png
eustace,/images/enemies/eustace.png
eustace_poisoned,/images/enemies/eustace_poisoned.png
eustace_shielded,/images/enemies/eustace_shielded.png
skeleton,/images/enemies/skeleton.png
skeleton_poisoned,/images/enemies/skeleton_poisoned.png
skeleton_shielded,/images/enemies/skeleton_shielded.png
nuke,/images/items/nuke.png
nuke_profile,/images/items/profiles/nuke.png
nuke_profile_disabled,/images/items/profiles/disabled/nuke.png
nuke_cursor,/images/cursors/nuke.png
cure,/images/items/cure.png
cure_profile,/images/items/profiles/cure.png
cure_profile_disabled,/images/items/profiles/disabled/cure.png
cure_cursor,/images/cursors/cure.png
poison,/images/items/poison.png
poison_profile,/images/items/profiles/poison.png
poison_profile_disabled,/images/items/profiles/disabled/poison.png
poison_cursor,/images/cursors/poison.png
shield,/images/items/shield.png
shield_cursor,/images/cursors/shield.png
shield_profile,/images/items/profiles/shield.png
shield_profile_disabled,/images/items/profiles/disabled/shield.png
barricade,/images/items/barricade.png
barricade_poisoned,/images/items/barricade_poisoned.png
barricade_shielded,/images/items/barricade_shielded.png
barricade_profile,/images/items/profiles/barricade.png
barricade_profile_disabled,/images/items/profiles/disabled/barricade.png
barricade_cursor,/images/cursors/barricade.png
tank,/images/items/tank.png
tank_poisoned,/images/items/tank_poisoned.png
tank_shielded,/images/items/tank_shielded.png
tank_cursor,/images/cursors/tank.png
rock,/images/items/rock.png
rock_poisoned,/images/items/rock_poisoned.png
rock_shielded,/images/items/rock_shielded.png
rock_cursor,/images/cursors/rock.png
explosionBlast,/images/blasts/explosion_blast.gif
energyBlastHit,/images/blasts/energy_blast_hit.gif
energyBlastLeft,/images/blasts/energy_blast_left.gif
energyBlastRight,/images/blasts/energy_blast_right.gif